"id_suat","id_phim","id_phong","date_chieu","thoi_gian"
1,1,1,2026-06-01,09:00
2,1,1,2026-06-01,13:00
3,1,1,2026-06-01,17:00
4,1,1,2026-06-01,21:00
5,2,2,2026-06-01,09:00
6,2,2,2026-06-01,13:00
7,2,2,2026-06-01,17:00
8,2,2,2026-06-01,21:00
9,3,3,2026-06-01,09:00
10,3,3,2026-06-01,13:00
11,3,3,2026-06-01,17:00
12,3,3,2026-06-01,21:00
13,4,4,2026-06-01,09:00
14,4,4,2026-06-01,13:00
15,4,4,2026-06-01,17:00
16,4,4,2026-06-01,21:00
17,5,5,2026-06-01,09:00
18,5,5,2026-06-01,13:00
19,5,5,2026-06-01,17:00
20,5,5,2026-06-01,21:00
21,6,1,2026-06-02,09:00
22,6,1,2026-06-02,13:00
23,6,1,2026-06-02,17:00
24,6,1,2026-06-02,21:00
25,7,2,2026-06-02,09:00
26,7,2,2026-06-02,13:00
27,7,2,2026-06-02,17:00
28,7,2,2026-06-02,21:00
29,8,3,2026-06-02,09:00
30,8,3,2026-06-02,13:00
31,8,3,2026-06-02,17:00
32,8,3,2026-06-02,21:00
33,9,4,2026-06-02,09:00
34,9,4,2026-06-02,13:00
35,9,4,2026-06-02,17:00
36,9,4,2026-06-02,21:00
37,10,5,2026-06-02,09:00
38,10,5,2026-06-02,13:00
39,10,5,2026-06-02,17:00
40,10,5,2026-06-02,21:00
41,11,1,2026-06-03,09:00
42,11,1,2026-06-03,13:00
43,11,1,2026-06-03,17:00
44,11,1,2026-06-03,21:00
45,12,2,2026-06-03,09:00
46,12,2,2026-06-03,13:00
47,12,2,2026-06-03,17:00
48,12,2,2026-06-03,21:00
49,13,3,2026-06-03,09:00
50,13,3,2026-06-03,13:00
51,13,3,2026-06-03,17:00
52,13,3,2026-06-03,21:00
53,14,4,2026-06-03,09:00
54,14,4,2026-06-03,13:00
55,14,4,2026-06-03,17:00
56,14,4,2026-06-03,21:00
57,15,5,2026-06-03,09:00
58,15,5,2026-06-03,13:00
59,15,5,2026-06-03,17:00
60,15,5,2026-06-03,21:00
61,1,1,2026-06-04,09:00
62,1,1,2026-06-04,13:00
63,1,1,2026-06-04,17:00
64,1,1,2026-06-04,21:00
65,2,2,2026-06-04,09:00
66,2,2,2026-06-04,13:00
67,2,2,2026-06-04,17:00
68,2,2,2026-06-04,21:00
69,3,3,2026-06-04,09:00
70,3,3,2026-06-04,13:00
71,3,3,2026-06-04,17:00
72,3,3,2026-06-04,21:00
73,4,4,2026-06-04,09:00
74,4,4,2026-06-04,13:00
75,4,4,2026-06-04,17:00
76,4,4,2026-06-04,21:00
77,5,5,2026-06-04,09:00
78,5,5,2026-06-04,13:00
79,5,5,2026-06-04,17:00
80,5,5,2026-06-04,21:00
81,6,1,2026-06-05,09:00
82,6,1,2026-06-05,13:00
83,6,1,2026-06-05,17:00
84,6,1,2026-06-05,21:00
85,7,2,2026-06-05,09:00
86,7,2,2026-06-05,13:00
87,7,2,2026-06-05,17:00
88,7,2,2026-06-05,21:00
89,8,3,2026-06-05,09:00
90,8,3,2026-06-05,13:00
91,8,3,2026-06-05,17:00
92,8,3,2026-06-05,21:00
93,9,4,2026-06-05,09:00
94,9,4,2026-06-05,13:00
95,9,4,2026-06-05,17:00
96,9,4,2026-06-05,21:00
97,10,5,2026-06-05,09:00
98,10,5,2026-06-05,13:00
99,10,5,2026-06-05,17:00
100,10,5,2026-06-05,21:00
101,11,1,2026-06-06,09:00
102,11,1,2026-06-06,13:00
103,11,1,2026-06-06,17:00
104,11,1,2026-06-06,21:00
105,12,2,2026-06-06,09:00
106,12,2,2026-06-06,13:00
107,12,2,2026-06-06,17:00
108,12,2,2026-06-06,21:00
109,13,3,2026-06-06,09:00
110,13,3,2026-06-06,13:00
111,13,3,2026-06-06,17:00
112,13,3,2026-06-06,21:00
113,14,4,2026-06-06,09:00
114,14,4,2026-06-06,13:00
115,14,4,2026-06-06,17:00
116,14,4,2026-06-06,21:00
117,15,5,2026-06-06,09:00
118,15,5,2026-06-06,13:00
119,15,5,2026-06-06,17:00
120,15,5,2026-06-06,21:00
121,1,1,2026-06-07,09:00
122,1,1,2026-06-07,13:00
123,1,1,2026-06-07,17:00
124,1,1,2026-06-07,21:00
125,2,2,2026-06-07,09:00
126,2,2,2026-06-07,13:00
127,2,2,2026-06-07,17:00
128,2,2,2026-06-07,21:00
129,3,3,2026-06-07,09:00
130,3,3,2026-06-07,13:00
131,3,3,2026-06-07,17:00
132,3,3,2026-06-07,21:00
133,4,4,2026-06-07,09:00
134,4,4,2026-06-07,13:00
135,4,4,2026-06-07,17:00
136,4,4,2026-06-07,21:00
137,5,5,2026-06-07,09:00
138,5,5,2026-06-07,13:00
139,5,5,2026-06-07,17:00
140,5,5,2026-06-07,21:00
141,6,1,2026-06-08,09:00
142,6,1,2026-06-08,13:00
143,6,1,2026-06-08,17:00
144,6,1,2026-06-08,21:00
145,7,2,2026-06-08,09:00
146,7,2,2026-06-08,13:00
147,7,2,2026-06-08,17:00
148,7,2,2026-06-08,21:00
149,8,3,2026-06-08,09:00
150,8,3,2026-06-08,13:00
151,8,3,2026-06-08,17:00
152,8,3,2026-06-08,21:00
153,9,4,2026-06-08,09:00
154,9,4,2026-06-08,13:00
155,9,4,2026-06-08,17:00
156,9,4,2026-06-08,21:00
157,10,5,2026-06-08,09:00
158,10,5,2026-06-08,13:00
159,10,5,2026-06-08,17:00
160,10,5,2026-06-08,21:00
161,11,1,2026-06-09,09:00
162,11,1,2026-06-09,13:00
163,11,1,2026-06-09,17:00
164,11,1,2026-06-09,21:00
165,12,2,2026-06-09,09:00
166,12,2,2026-06-09,13:00
167,12,2,2026-06-09,17:00
168,12,2,2026-06-09,21:00
169,13,3,2026-06-09,09:00
170,13,3,2026-06-09,13:00
171,13,3,2026-06-09,17:00
172,13,3,2026-06-09,21:00
173,14,4,2026-06-09,09:00
174,14,4,2026-06-09,13:00
175,14,4,2026-06-09,17:00
176,14,4,2026-06-09,21:00
177,15,5,2026-06-09,09:00
178,15,5,2026-06-09,13:00
179,15,5,2026-06-09,17:00
180,15,5,2026-06-09,21:00
181,1,1,2026-06-10,09:00
182,1,1,2026-06-10,13:00
183,1,1,2026-06-10,17:00
184,1,1,2026-06-10,21:00
185,2,2,2026-06-10,09:00
186,2,2,2026-06-10,13:00
187,2,2,2026-06-10,17:00
188,2,2,2026-06-10,21:00
189,3,3,2026-06-10,09:00
190,3,3,2026-06-10,13:00
191,3,3,2026-06-10,17:00
192,3,3,2026-06-10,21:00
193,4,4,2026-06-10,09:00
194,4,4,2026-06-10,13:00
195,4,4,2026-06-10,17:00
196,4,4,2026-06-10,21:00
197,5,5,2026-06-10,09:00
198,5,5,2026-06-10,13:00
199,5,5,2026-06-10,17:00
200,5,5,2026-06-10,21:00
201,6,1,2026-06-11,09:00
202,6,1,2026-06-11,13:00
203,6,1,2026-06-11,17:00
204,6,1,2026-06-11,21:00
205,7,2,2026-06-11,09:00
206,7,2,2026-06-11,13:00
207,7,2,2026-06-11,17:00
208,7,2,2026-06-11,21:00
209,8,3,2026-06-11,09:00
210,8,3,2026-06-11,13:00
211,8,3,2026-06-11,17:00
212,8,3,2026-06-11,21:00
213,9,4,2026-06-11,09:00
214,9,4,2026-06-11,13:00
215,9,4,2026-06-11,17:00
216,9,4,2026-06-11,21:00
217,10,5,2026-06-11,09:00
218,10,5,2026-06-11,13:00
219,10,5,2026-06-11,17:00
220,10,5,2026-06-11,21:00
221,11,1,2026-06-12,09:00
222,11,1,2026-06-12,13:00
223,11,1,2026-06-12,17:00
224,11,1,2026-06-12,21:00
225,12,2,2026-06-12,09:00
226,12,2,2026-06-12,13:00
227,12,2,2026-06-12,17:00
228,12,2,2026-06-12,21:00
229,13,3,2026-06-12,09:00
230,13,3,2026-06-12,13:00
231,13,3,2026-06-12,17:00
232,13,3,2026-06-12,21:00
233,14,4,2026-06-12,09:00
234,14,4,2026-06-12,13:00
235,14,4,2026-06-12,17:00
236,14,4,2026-06-12,21:00
237,15,5,2026-06-12,09:00
238,15,5,2026-06-12,13:00
239,15,5,2026-06-12,17:00
240,15,5,2026-06-12,21:00
241,1,1,2026-06-13,09:00
242,1,1,2026-06-13,13:00
243,1,1,2026-06-13,17:00
244,1,1,2026-06-13,21:00
245,2,2,2026-06-13,09:00
246,2,2,2026-06-13,13:00
247,2,2,2026-06-13,17:00
248,2,2,2026-06-13,21:00
249,3,3,2026-06-13,09:00
250,3,3,2026-06-13,13:00
251,3,3,2026-06-13,17:00
252,3,3,2026-06-13,21:00
253,4,4,2026-06-13,09:00
254,4,4,2026-06-13,13:00
255,4,4,2026-06-13,17:00
256,4,4,2026-06-13,21:00
257,5,5,2026-06-13,09:00
258,5,5,2026-06-13,13:00
259,5,5,2026-06-13,17:00
260,5,5,2026-06-13,21:00
261,6,1,2026-06-14,09:00
262,6,1,2026-06-14,13:00
263,6,1,2026-06-14,17:00
264,6,1,2026-06-14,21:00
265,7,2,2026-06-14,09:00
266,7,2,2026-06-14,13:00
267,7,2,2026-06-14,17:00
268,7,2,2026-06-14,21:00
269,8,3,2026-06-14,09:00
270,8,3,2026-06-14,13:00
271,8,3,2026-06-14,17:00
272,8,3,2026-06-14,21:00
273,9,4,2026-06-14,09:00
274,9,4,2026-06-14,13:00
275,9,4,2026-06-14,17:00
276,9,4,2026-06-14,21:00
277,10,5,2026-06-14,09:00
278,10,5,2026-06-14,13:00
279,10,5,2026-06-14,17:00
280,10,5,2026-06-14,21:00
281,11,1,2026-06-15,09:00
282,11,1,2026-06-15,13:00
283,11,1,2026-06-15,17:00
284,11,1,2026-06-15,21:00
285,12,2,2026-06-15,09:00
286,12,2,2026-06-15,13:00
287,12,2,2026-06-15,17:00
288,12,2,2026-06-15,21:00
289,13,3,2026-06-15,09:00
290,13,3,2026-06-15,13:00
291,13,3,2026-06-15,17:00
292,13,3,2026-06-15,21:00
293,14,4,2026-06-15,09:00
294,14,4,2026-06-15,13:00
295,14,4,2026-06-15,17:00
296,14,4,2026-06-15,21:00
297,15,5,2026-06-15,09:00
298,15,5,2026-06-15,13:00
299,15,5,2026-06-15,17:00
300,15,5,2026-06-15,21:00
301,1,1,2026-06-16,09:00
302,1,1,2026-06-16,13:00
303,1,1,2026-06-16,17:00
304,1,1,2026-06-16,21:00
305,2,2,2026-06-16,09:00
306,2,2,2026-06-16,13:00
307,2,2,2026-06-16,17:00
308,2,2,2026-06-16,21:00
309,3,3,2026-06-16,09:00
310,3,3,2026-06-16,13:00
311,3,3,2026-06-16,17:00
312,3,3,2026-06-16,21:00
313,4,4,2026-06-16,09:00
314,4,4,2026-06-16,13:00
315,4,4,2026-06-16,17:00
316,4,4,2026-06-16,21:00
317,5,5,2026-06-16,09:00
318,5,5,2026-06-16,13:00
319,5,5,2026-06-16,17:00
320,5,5,2026-06-16,21:00
321,6,1,2026-06-17,09:00
322,6,1,2026-06-17,13:00
323,6,1,2026-06-17,17:00
324,6,1,2026-06-17,21:00
325,7,2,2026-06-17,09:00
326,7,2,2026-06-17,13:00
327,7,2,2026-06-17,17:00
328,7,2,2026-06-17,21:00
329,8,3,2026-06-17,09:00
330,8,3,2026-06-17,13:00
331,8,3,2026-06-17,17:00
332,8,3,2026-06-17,21:00
333,9,4,2026-06-17,09:00
334,9,4,2026-06-17,13:00
335,9,4,2026-06-17,17:00
336,9,4,2026-06-17,21:00
337,10,5,2026-06-17,09:00
338,10,5,2026-06-17,13:00
339,10,5,2026-06-17,17:00
340,10,5,2026-06-17,21:00
341,11,1,2026-06-18,09:00
342,11,1,2026-06-18,13:00
343,11,1,2026-06-18,17:00
344,11,1,2026-06-18,21:00
345,12,2,2026-06-18,09:00
346,12,2,2026-06-18,13:00
347,12,2,2026-06-18,17:00
348,12,2,2026-06-18,21:00
349,13,3,2026-06-18,09:00
350,13,3,2026-06-18,13:00
351,13,3,2026-06-18,17:00
352,13,3,2026-06-18,21:00
353,14,4,2026-06-18,09:00
354,14,4,2026-06-18,13:00
355,14,4,2026-06-18,17:00
356,14,4,2026-06-18,21:00
357,15,5,2026-06-18,09:00
358,15,5,2026-06-18,13:00
359,15,5,2026-06-18,17:00
360,15,5,2026-06-18,21:00
361,1,1,2026-06-19,09:00
362,1,1,2026-06-19,13:00
363,1,1,2026-06-19,17:00
364,1,1,2026-06-19,21:00
365,2,2,2026-06-19,09:00
366,2,2,2026-06-19,13:00
367,2,2,2026-06-19,17:00
368,2,2,2026-06-19,21:00
369,3,3,2026-06-19,09:00
370,3,3,2026-06-19,13:00
371,3,3,2026-06-19,17:00
372,3,3,2026-06-19,21:00
373,4,4,2026-06-19,09:00
374,4,4,2026-06-19,13:00
375,4,4,2026-06-19,17:00
376,4,4,2026-06-19,21:00
377,5,5,2026-06-19,09:00
378,5,5,2026-06-19,13:00
379,5,5,2026-06-19,17:00
380,5,5,2026-06-19,21:00
381,6,1,2026-06-20,09:00
382,6,1,2026-06-20,13:00
383,6,1,2026-06-20,17:00
384,6,1,2026-06-20,21:00
385,7,2,2026-06-20,09:00
386,7,2,2026-06-20,13:00
387,7,2,2026-06-20,17:00
388,7,2,2026-06-20,21:00
389,8,3,2026-06-20,09:00
390,8,3,2026-06-20,13:00
391,8,3,2026-06-20,17:00
392,8,3,2026-06-20,21:00
393,9,4,2026-06-20,09:00
394,9,4,2026-06-20,13:00
395,9,4,2026-06-20,17:00
396,9,4,2026-06-20,21:00
397,10,5,2026-06-20,09:00
398,10,5,2026-06-20,13:00
399,10,5,2026-06-20,17:00
400,10,5,2026-06-20,21:00
401,11,1,2026-06-21,09:00
402,11,1,2026-06-21,13:00
403,11,1,2026-06-21,17:00
404,11,1,2026-06-21,21:00
405,12,2,2026-06-21,09:00
406,12,2,2026-06-21,13:00
407,12,2,2026-06-21,17:00
408,12,2,2026-06-21,21:00
409,13,3,2026-06-21,09:00
410,13,3,2026-06-21,13:00
411,13,3,2026-06-21,17:00
412,13,3,2026-06-21,21:00
413,14,4,2026-06-21,09:00
414,14,4,2026-06-21,13:00
415,14,4,2026-06-21,17:00
416,14,4,2026-06-21,21:00
417,15,5,2026-06-21,09:00
418,15,5,2026-06-21,13:00
419,15,5,2026-06-21,17:00
420,15,5,2026-06-21,21:00
421,1,1,2026-06-22,09:00
422,1,1,2026-06-22,13:00
423,1,1,2026-06-22,17:00
424,1,1,2026-06-22,21:00
425,2,2,2026-06-22,09:00
426,2,2,2026-06-22,13:00
427,2,2,2026-06-22,17:00
428,2,2,2026-06-22,21:00
429,3,3,2026-06-22,09:00
430,3,3,2026-06-22,13:00
431,3,3,2026-06-22,17:00
432,3,3,2026-06-22,21:00
433,4,4,2026-06-22,09:00
434,4,4,2026-06-22,13:00
435,4,4,2026-06-22,17:00
436,4,4,2026-06-22,21:00
437,5,5,2026-06-22,09:00
438,5,5,2026-06-22,13:00
439,5,5,2026-06-22,17:00
440,5,5,2026-06-22,21:00
441,6,1,2026-06-23,09:00
442,6,1,2026-06-23,13:00
443,6,1,2026-06-23,17:00
444,6,1,2026-06-23,21:00
445,7,2,2026-06-23,09:00
446,7,2,2026-06-23,13:00
447,7,2,2026-06-23,17:00
448,7,2,2026-06-23,21:00
449,8,3,2026-06-23,09:00
450,8,3,2026-06-23,13:00
451,8,3,2026-06-23,17:00
452,8,3,2026-06-23,21:00
453,9,4,2026-06-23,09:00
454,9,4,2026-06-23,13:00
455,9,4,2026-06-23,17:00
456,9,4,2026-06-23,21:00
457,10,5,2026-06-23,09:00
458,10,5,2026-06-23,13:00
459,10,5,2026-06-23,17:00
460,10,5,2026-06-23,21:00
461,11,1,2026-06-24,09:00
462,11,1,2026-06-24,13:00
463,11,1,2026-06-24,17:00
464,11,1,2026-06-24,21:00
465,12,2,2026-06-24,09:00
466,12,2,2026-06-24,13:00
467,12,2,2026-06-24,17:00
468,12,2,2026-06-24,21:00
469,13,3,2026-06-24,09:00
470,13,3,2026-06-24,13:00
471,13,3,2026-06-24,17:00
472,13,3,2026-06-24,21:00
473,14,4,2026-06-24,09:00
474,14,4,2026-06-24,13:00
475,14,4,2026-06-24,17:00
476,14,4,2026-06-24,21:00
477,15,5,2026-06-24,09:00
478,15,5,2026-06-24,13:00
479,15,5,2026-06-24,17:00
480,15,5,2026-06-24,21:00
481,1,1,2026-06-25,09:00
482,1,1,2026-06-25,13:00
483,1,1,2026-06-25,17:00
484,1,1,2026-06-25,21:00
485,2,2,2026-06-25,09:00
486,2,2,2026-06-25,13:00
487,2,2,2026-06-25,17:00
488,2,2,2026-06-25,21:00
489,3,3,2026-06-25,09:00
490,3,3,2026-06-25,13:00
491,3,3,2026-06-25,17:00
492,3,3,2026-06-25,21:00
493,4,4,2026-06-25,09:00
494,4,4,2026-06-25,13:00
495,4,4,2026-06-25,17:00
496,4,4,2026-06-25,21:00
497,5,5,2026-06-25,09:00
498,5,5,2026-06-25,13:00
499,5,5,2026-06-25,17:00
500,5,5,2026-06-25,21:00
501,6,1,2026-06-26,09:00
502,6,1,2026-06-26,13:00
503,6,1,2026-06-26,17:00
504,6,1,2026-06-26,21:00
505,7,2,2026-06-26,09:00
506,7,2,2026-06-26,13:00
507,7,2,2026-06-26,17:00
508,7,2,2026-06-26,21:00
509,8,3,2026-06-26,09:00
510,8,3,2026-06-26,13:00
511,8,3,2026-06-26,17:00
512,8,3,2026-06-26,21:00
513,9,4,2026-06-26,09:00
514,9,4,2026-06-26,13:00
515,9,4,2026-06-26,17:00
516,9,4,2026-06-26,21:00
517,10,5,2026-06-26,09:00
518,10,5,2026-06-26,13:00
519,10,5,2026-06-26,17:00
520,10,5,2026-06-26,21:00
521,11,1,2026-06-27,09:00
522,11,1,2026-06-27,13:00
523,11,1,2026-06-27,17:00
524,11,1,2026-06-27,21:00
525,12,2,2026-06-27,09:00
526,12,2,2026-06-27,13:00
527,12,2,2026-06-27,17:00
528,12,2,2026-06-27,21:00
529,13,3,2026-06-27,09:00
530,13,3,2026-06-27,13:00
531,13,3,2026-06-27,17:00
532,13,3,2026-06-27,21:00
533,14,4,2026-06-27,09:00
534,14,4,2026-06-27,13:00
535,14,4,2026-06-27,17:00
536,14,4,2026-06-27,21:00
537,15,5,2026-06-27,09:00
538,15,5,2026-06-27,13:00
539,15,5,2026-06-27,17:00
540,15,5,2026-06-27,21:00
541,1,1,2026-06-28,09:00
542,1,1,2026-06-28,13:00
543,1,1,2026-06-28,17:00
544,1,1,2026-06-28,21:00
545,2,2,2026-06-28,09:00
546,2,2,2026-06-28,13:00
547,2,2,2026-06-28,17:00
548,2,2,2026-06-28,21:00
549,3,3,2026-06-28,09:00
550,3,3,2026-06-28,13:00
551,3,3,2026-06-28,17:00
552,3,3,2026-06-28,21:00
553,4,4,2026-06-28,09:00
554,4,4,2026-06-28,13:00
555,4,4,2026-06-28,17:00
556,4,4,2026-06-28,21:00
557,5,5,2026-06-28,09:00
558,5,5,2026-06-28,13:00
559,5,5,2026-06-28,17:00
560,5,5,2026-06-28,21:00
561,6,1,2026-06-29,09:00
562,6,1,2026-06-29,13:00
563,6,1,2026-06-29,17:00
564,6,1,2026-06-29,21:00
565,7,2,2026-06-29,09:00
566,7,2,2026-06-29,13:00
567,7,2,2026-06-29,17:00
568,7,2,2026-06-29,21:00
569,8,3,2026-06-29,09:00
570,8,3,2026-06-29,13:00
571,8,3,2026-06-29,17:00
572,8,3,2026-06-29,21:00
573,9,4,2026-06-29,09:00
574,9,4,2026-06-29,13:00
575,9,4,2026-06-29,17:00
576,9,4,2026-06-29,21:00
577,10,5,2026-06-29,09:00
578,10,5,2026-06-29,13:00
579,10,5,2026-06-29,17:00
580,10,5,2026-06-29,21:00
581,11,1,2026-06-30,09:00
582,11,1,2026-06-30,13:00
583,11,1,2026-06-30,17:00
584,11,1,2026-06-30,21:00
585,12,2,2026-06-30,09:00
586,12,2,2026-06-30,13:00
587,12,2,2026-06-30,17:00
588,12,2,2026-06-30,21:00
589,13,3,2026-06-30,09:00
590,13,3,2026-06-30,13:00
591,13,3,2026-06-30,17:00
592,13,3,2026-06-30,21:00
593,14,4,2026-06-30,09:00
594,14,4,2026-06-30,13:00
595,14,4,2026-06-30,17:00
596,14,4,2026-06-30,21:00
597,15,5,2026-06-30,09:00
598,15,5,2026-06-30,13:00
599,15,5,2026-06-30,17:00
600,15,5,2026-06-30,21:00
601,1,1,2026-07-01,09:00
602,1,1,2026-07-01,13:00
603,1,1,2026-07-01,17:00
604,1,1,2026-07-01,21:00
605,2,2,2026-07-01,09:00
606,2,2,2026-07-01,13:00
607,2,2,2026-07-01,17:00
608,2,2,2026-07-01,21:00
609,3,3,2026-07-01,09:00
610,3,3,2026-07-01,13:00
611,3,3,2026-07-01,17:00
612,3,3,2026-07-01,21:00
613,4,4,2026-07-01,09:00
614,4,4,2026-07-01,13:00
615,4,4,2026-07-01,17:00
616,4,4,2026-07-01,21:00
617,5,5,2026-07-01,09:00
618,5,5,2026-07-01,13:00
619,5,5,2026-07-01,17:00
620,5,5,2026-07-01,21:00
621,6,1,2026-07-02,09:00
622,6,1,2026-07-02,13:00
623,6,1,2026-07-02,17:00
624,6,1,2026-07-02,21:00
625,7,2,2026-07-02,09:00
626,7,2,2026-07-02,13:00
627,7,2,2026-07-02,17:00
628,7,2,2026-07-02,21:00
629,8,3,2026-07-02,09:00
630,8,3,2026-07-02,13:00
631,8,3,2026-07-02,17:00
632,8,3,2026-07-02,21:00
633,9,4,2026-07-02,09:00
634,9,4,2026-07-02,13:00
635,9,4,2026-07-02,17:00
636,9,4,2026-07-02,21:00
637,10,5,2026-07-02,09:00
638,10,5,2026-07-02,13:00
639,10,5,2026-07-02,17:00
640,10,5,2026-07-02,21:00
641,11,1,2026-07-03,09:00
642,11,1,2026-07-03,13:00
643,11,1,2026-07-03,17:00
644,11,1,2026-07-03,21:00
645,12,2,2026-07-03,09:00
646,12,2,2026-07-03,13:00
647,12,2,2026-07-03,17:00
648,12,2,2026-07-03,21:00
649,13,3,2026-07-03,09:00
650,13,3,2026-07-03,13:00
651,13,3,2026-07-03,17:00
652,13,3,2026-07-03,21:00
653,14,4,2026-07-03,09:00
654,14,4,2026-07-03,13:00
655,14,4,2026-07-03,17:00
656,14,4,2026-07-03,21:00
657,15,5,2026-07-03,09:00
658,15,5,2026-07-03,13:00
659,15,5,2026-07-03,17:00
660,15,5,2026-07-03,21:00
661,1,1,2026-07-04,09:00
662,1,1,2026-07-04,13:00
663,1,1,2026-07-04,17:00
664,1,1,2026-07-04,21:00
665,2,2,2026-07-04,09:00
666,2,2,2026-07-04,13:00
667,2,2,2026-07-04,17:00
668,2,2,2026-07-04,21:00
669,3,3,2026-07-04,09:00
670,3,3,2026-07-04,13:00
671,3,3,2026-07-04,17:00
672,3,3,2026-07-04,21:00
673,4,4,2026-07-04,09:00
674,4,4,2026-07-04,13:00
675,4,4,2026-07-04,17:00
676,4,4,2026-07-04,21:00
677,5,5,2026-07-04,09:00
678,5,5,2026-07-04,13:00
679,5,5,2026-07-04,17:00
680,5,5,2026-07-04,21:00
681,6,1,2026-07-05,09:00
682,6,1,2026-07-05,13:00
683,6,1,2026-07-05,17:00
684,6,1,2026-07-05,21:00
685,7,2,2026-07-05,09:00
686,7,2,2026-07-05,13:00
687,7,2,2026-07-05,17:00
688,7,2,2026-07-05,21:00
689,8,3,2026-07-05,09:00
690,8,3,2026-07-05,13:00
691,8,3,2026-07-05,17:00
692,8,3,2026-07-05,21:00
693,9,4,2026-07-05,09:00
694,9,4,2026-07-05,13:00
695,9,4,2026-07-05,17:00
696,9,4,2026-07-05,21:00
697,10,5,2026-07-05,09:00
698,10,5,2026-07-05,13:00
699,10,5,2026-07-05,17:00
700,10,5,2026-07-05,21:00
701,11,1,2026-07-06,09:00
702,11,1,2026-07-06,13:00
703,11,1,2026-07-06,17:00
704,11,1,2026-07-06,21:00
705,12,2,2026-07-06,09:00
706,12,2,2026-07-06,13:00
707,12,2,2026-07-06,17:00
708,12,2,2026-07-06,21:00
709,13,3,2026-07-06,09:00
710,13,3,2026-07-06,13:00
711,13,3,2026-07-06,17:00
712,13,3,2026-07-06,21:00
713,14,4,2026-07-06,09:00
714,14,4,2026-07-06,13:00
715,14,4,2026-07-06,17:00
716,14,4,2026-07-06,21:00
717,15,5,2026-07-06,09:00
718,15,5,2026-07-06,13:00
719,15,5,2026-07-06,17:00
720,15,5,2026-07-06,21:00
721,1,1,2026-07-07,09:00
722,1,1,2026-07-07,13:00
723,1,1,2026-07-07,17:00
724,1,1,2026-07-07,21:00
725,2,2,2026-07-07,09:00
726,2,2,2026-07-07,13:00
727,2,2,2026-07-07,17:00
728,2,2,2026-07-07,21:00
729,3,3,2026-07-07,09:00
730,3,3,2026-07-07,13:00
731,3,3,2026-07-07,17:00
732,3,3,2026-07-07,21:00
733,4,4,2026-07-07,09:00
734,4,4,2026-07-07,13:00
735,4,4,2026-07-07,17:00
736,4,4,2026-07-07,21:00
737,5,5,2026-07-07,09:00
738,5,5,2026-07-07,13:00
739,5,5,2026-07-07,17:00
740,5,5,2026-07-07,21:00
741,6,1,2026-07-08,09:00
742,6,1,2026-07-08,13:00
743,6,1,2026-07-08,17:00
744,6,1,2026-07-08,21:00
745,7,2,2026-07-08,09:00
746,7,2,2026-07-08,13:00
747,7,2,2026-07-08,17:00
748,7,2,2026-07-08,21:00
749,8,3,2026-07-08,09:00
750,8,3,2026-07-08,13:00
751,8,3,2026-07-08,17:00
752,8,3,2026-07-08,21:00
753,9,4,2026-07-08,09:00
754,9,4,2026-07-08,13:00
755,9,4,2026-07-08,17:00
756,9,4,2026-07-08,21:00
757,10,5,2026-07-08,09:00
758,10,5,2026-07-08,13:00
759,10,5,2026-07-08,17:00
760,10,5,2026-07-08,21:00
761,11,1,2026-07-09,09:00
762,11,1,2026-07-09,13:00
763,11,1,2026-07-09,17:00
764,11,1,2026-07-09,21:00
765,12,2,2026-07-09,09:00
766,12,2,2026-07-09,13:00
767,12,2,2026-07-09,17:00
768,12,2,2026-07-09,21:00
769,13,3,2026-07-09,09:00
770,13,3,2026-07-09,13:00
771,13,3,2026-07-09,17:00
772,13,3,2026-07-09,21:00
773,14,4,2026-07-09,09:00
774,14,4,2026-07-09,13:00
775,14,4,2026-07-09,17:00
776,14,4,2026-07-09,21:00
777,15,5,2026-07-09,09:00
778,15,5,2026-07-09,13:00
779,15,5,2026-07-09,17:00
780,15,5,2026-07-09,21:00
781,1,1,2026-07-10,09:00
782,1,1,2026-07-10,13:00
783,1,1,2026-07-10,17:00
784,1,1,2026-07-10,21:00
785,2,2,2026-07-10,09:00
786,2,2,2026-07-10,13:00
787,2,2,2026-07-10,17:00
788,2,2,2026-07-10,21:00
789,3,3,2026-07-10,09:00
790,3,3,2026-07-10,13:00
791,3,3,2026-07-10,17:00
792,3,3,2026-07-10,21:00
793,4,4,2026-07-10,09:00
794,4,4,2026-07-10,13:00
795,4,4,2026-07-10,17:00
796,4,4,2026-07-10,21:00
797,5,5,2026-07-10,09:00
798,5,5,2026-07-10,13:00
799,5,5,2026-07-10,17:00
800,5,5,2026-07-10,21:00
801,6,1,2026-07-11,09:00
802,6,1,2026-07-11,13:00
803,6,1,2026-07-11,17:00
804,6,1,2026-07-11,21:00
805,7,2,2026-07-11,09:00
806,7,2,2026-07-11,13:00
807,7,2,2026-07-11,17:00
808,7,2,2026-07-11,21:00
809,8,3,2026-07-11,09:00
810,8,3,2026-07-11,13:00
811,8,3,2026-07-11,17:00
812,8,3,2026-07-11,21:00
813,9,4,2026-07-11,09:00
814,9,4,2026-07-11,13:00
815,9,4,2026-07-11,17:00
816,9,4,2026-07-11,21:00
817,10,5,2026-07-11,09:00
818,10,5,2026-07-11,13:00
819,10,5,2026-07-11,17:00
820,10,5,2026-07-11,21:00
821,11,1,2026-07-12,09:00
822,11,1,2026-07-12,13:00
823,11,1,2026-07-12,17:00
824,11,1,2026-07-12,21:00
825,12,2,2026-07-12,09:00
826,12,2,2026-07-12,13:00
827,12,2,2026-07-12,17:00
828,12,2,2026-07-12,21:00
829,13,3,2026-07-12,09:00
830,13,3,2026-07-12,13:00
831,13,3,2026-07-12,17:00
832,13,3,2026-07-12,21:00
833,14,4,2026-07-12,09:00
834,14,4,2026-07-12,13:00
835,14,4,2026-07-12,17:00
836,14,4,2026-07-12,21:00
837,15,5,2026-07-12,09:00
838,15,5,2026-07-12,13:00
839,15,5,2026-07-12,17:00
840,15,5,2026-07-12,21:00
841,1,1,2026-07-13,09:00
842,1,1,2026-07-13,13:00
843,1,1,2026-07-13,17:00
844,1,1,2026-07-13,21:00
845,2,2,2026-07-13,09:00
846,2,2,2026-07-13,13:00
847,2,2,2026-07-13,17:00
848,2,2,2026-07-13,21:00
849,3,3,2026-07-13,09:00
850,3,3,2026-07-13,13:00
851,3,3,2026-07-13,17:00
852,3,3,2026-07-13,21:00
853,4,4,2026-07-13,09:00
854,4,4,2026-07-13,13:00
855,4,4,2026-07-13,17:00
856,4,4,2026-07-13,21:00
857,5,5,2026-07-13,09:00
858,5,5,2026-07-13,13:00
859,5,5,2026-07-13,17:00
860,5,5,2026-07-13,21:00
861,6,1,2026-07-14,09:00
862,6,1,2026-07-14,13:00
863,6,1,2026-07-14,17:00
864,6,1,2026-07-14,21:00
865,7,2,2026-07-14,09:00
866,7,2,2026-07-14,13:00
867,7,2,2026-07-14,17:00
868,7,2,2026-07-14,21:00
869,8,3,2026-07-14,09:00
870,8,3,2026-07-14,13:00
871,8,3,2026-07-14,17:00
872,8,3,2026-07-14,21:00
873,9,4,2026-07-14,09:00
874,9,4,2026-07-14,13:00
875,9,4,2026-07-14,17:00
876,9,4,2026-07-14,21:00
877,10,5,2026-07-14,09:00
878,10,5,2026-07-14,13:00
879,10,5,2026-07-14,17:00
880,10,5,2026-07-14,21:00
881,11,1,2026-07-15,09:00
882,11,1,2026-07-15,13:00
883,11,1,2026-07-15,17:00
884,11,1,2026-07-15,21:00
885,12,2,2026-07-15,09:00
886,12,2,2026-07-15,13:00
887,12,2,2026-07-15,17:00
888,12,2,2026-07-15,21:00
889,13,3,2026-07-15,09:00
890,13,3,2026-07-15,13:00
891,13,3,2026-07-15,17:00
892,13,3,2026-07-15,21:00
893,14,4,2026-07-15,09:00
894,14,4,2026-07-15,13:00
895,14,4,2026-07-15,17:00
896,14,4,2026-07-15,21:00
897,15,5,2026-07-15,09:00
898,15,5,2026-07-15,13:00
899,15,5,2026-07-15,17:00
900,15,5,2026-07-15,21:00
901,1,1,2026-07-16,09:00
902,1,1,2026-07-16,13:00
903,1,1,2026-07-16,17:00
904,1,1,2026-07-16,21:00
905,2,2,2026-07-16,09:00
906,2,2,2026-07-16,13:00
907,2,2,2026-07-16,17:00
908,2,2,2026-07-16,21:00
909,3,3,2026-07-16,09:00
910,3,3,2026-07-16,13:00
911,3,3,2026-07-16,17:00
912,3,3,2026-07-16,21:00
913,4,4,2026-07-16,09:00
914,4,4,2026-07-16,13:00
915,4,4,2026-07-16,17:00
916,4,4,2026-07-16,21:00
917,5,5,2026-07-16,09:00
918,5,5,2026-07-16,13:00
919,5,5,2026-07-16,17:00
920,5,5,2026-07-16,21:00
921,6,1,2026-07-17,09:00
922,6,1,2026-07-17,13:00
923,6,1,2026-07-17,17:00
924,6,1,2026-07-17,21:00
925,7,2,2026-07-17,09:00
926,7,2,2026-07-17,13:00
927,7,2,2026-07-17,17:00
928,7,2,2026-07-17,21:00
929,8,3,2026-07-17,09:00
930,8,3,2026-07-17,13:00
931,8,3,2026-07-17,17:00
932,8,3,2026-07-17,21:00
933,9,4,2026-07-17,09:00
934,9,4,2026-07-17,13:00
935,9,4,2026-07-17,17:00
936,9,4,2026-07-17,21:00
937,10,5,2026-07-17,09:00
938,10,5,2026-07-17,13:00
939,10,5,2026-07-17,17:00
940,10,5,2026-07-17,21:00
941,11,1,2026-07-18,09:00
942,11,1,2026-07-18,13:00
943,11,1,2026-07-18,17:00
944,11,1,2026-07-18,21:00
945,12,2,2026-07-18,09:00
946,12,2,2026-07-18,13:00
947,12,2,2026-07-18,17:00
948,12,2,2026-07-18,21:00
949,13,3,2026-07-18,09:00
950,13,3,2026-07-18,13:00
951,13,3,2026-07-18,17:00
952,13,3,2026-07-18,21:00
953,14,4,2026-07-18,09:00
954,14,4,2026-07-18,13:00
955,14,4,2026-07-18,17:00
956,14,4,2026-07-18,21:00
957,15,5,2026-07-18,09:00
958,15,5,2026-07-18,13:00
959,15,5,2026-07-18,17:00
960,15,5,2026-07-18,21:00
961,1,1,2026-07-19,09:00
962,1,1,2026-07-19,13:00
963,1,1,2026-07-19,17:00
964,1,1,2026-07-19,21:00
965,2,2,2026-07-19,09:00
966,2,2,2026-07-19,13:00
967,2,2,2026-07-19,17:00
968,2,2,2026-07-19,21:00
969,3,3,2026-07-19,09:00
970,3,3,2026-07-19,13:00
971,3,3,2026-07-19,17:00
972,3,3,2026-07-19,21:00
973,4,4,2026-07-19,09:00
974,4,4,2026-07-19,13:00
975,4,4,2026-07-19,17:00
976,4,4,2026-07-19,21:00
977,5,5,2026-07-19,09:00
978,5,5,2026-07-19,13:00
979,5,5,2026-07-19,17:00
980,5,5,2026-07-19,21:00
981,6,1,2026-07-20,09:00
982,6,1,2026-07-20,13:00
983,6,1,2026-07-20,17:00
984,6,1,2026-07-20,21:00
985,7,2,2026-07-20,09:00
986,7,2,2026-07-20,13:00
987,7,2,2026-07-20,17:00
988,7,2,2026-07-20,21:00
989,8,3,2026-07-20,09:00
990,8,3,2026-07-20,13:00
991,8,3,2026-07-20,17:00
992,8,3,2026-07-20,21:00
993,9,4,2026-07-20,09:00
994,9,4,2026-07-20,13:00
995,9,4,2026-07-20,17:00
996,9,4,2026-07-20,21:00
997,10,5,2026-07-20,09:00
998,10,5,2026-07-20,13:00
999,10,5,2026-07-20,17:00
1000,10,5,2026-07-20,21:00
1001,11,1,2026-07-21,09:00
1002,11,1,2026-07-21,13:00
1003,11,1,2026-07-21,17:00
1004,11,1,2026-07-21,21:00
1005,12,2,2026-07-21,09:00
1006,12,2,2026-07-21,13:00
1007,12,2,2026-07-21,17:00
1008,12,2,2026-07-21,21:00
1009,13,3,2026-07-21,09:00
1010,13,3,2026-07-21,13:00
1011,13,3,2026-07-21,17:00
1012,13,3,2026-07-21,21:00
1013,14,4,2026-07-21,09:00
1014,14,4,2026-07-21,13:00
1015,14,4,2026-07-21,17:00
1016,14,4,2026-07-21,21:00
1017,15,5,2026-07-21,09:00
1018,15,5,2026-07-21,13:00
1019,15,5,2026-07-21,17:00
1020,15,5,2026-07-21,21:00
1021,1,1,2026-07-22,09:00
1022,1,1,2026-07-22,13:00
1023,1,1,2026-07-22,17:00
1024,1,1,2026-07-22,21:00
1025,2,2,2026-07-22,09:00
1026,2,2,2026-07-22,13:00
1027,2,2,2026-07-22,17:00
1028,2,2,2026-07-22,21:00
1029,3,3,2026-07-22,09:00
1030,3,3,2026-07-22,13:00
1031,3,3,2026-07-22,17:00
1032,3,3,2026-07-22,21:00
1033,4,4,2026-07-22,09:00
1034,4,4,2026-07-22,13:00
1035,4,4,2026-07-22,17:00
1036,4,4,2026-07-22,21:00
1037,5,5,2026-07-22,09:00
1038,5,5,2026-07-22,13:00
1039,5,5,2026-07-22,17:00
1040,5,5,2026-07-22,21:00
1041,6,1,2026-07-23,09:00
1042,6,1,2026-07-23,13:00
1043,6,1,2026-07-23,17:00
1044,6,1,2026-07-23,21:00
1045,7,2,2026-07-23,09:00
1046,7,2,2026-07-23,13:00
1047,7,2,2026-07-23,17:00
1048,7,2,2026-07-23,21:00
1049,8,3,2026-07-23,09:00
1050,8,3,2026-07-23,13:00
1051,8,3,2026-07-23,17:00
1052,8,3,2026-07-23,21:00
1053,9,4,2026-07-23,09:00
1054,9,4,2026-07-23,13:00
1055,9,4,2026-07-23,17:00
1056,9,4,2026-07-23,21:00
1057,10,5,2026-07-23,09:00
1058,10,5,2026-07-23,13:00
1059,10,5,2026-07-23,17:00
1060,10,5,2026-07-23,21:00
1061,11,1,2026-07-24,09:00
1062,11,1,2026-07-24,13:00
1063,11,1,2026-07-24,17:00
1064,11,1,2026-07-24,21:00
1065,12,2,2026-07-24,09:00
1066,12,2,2026-07-24,13:00
1067,12,2,2026-07-24,17:00
1068,12,2,2026-07-24,21:00
1069,13,3,2026-07-24,09:00
1070,13,3,2026-07-24,13:00
1071,13,3,2026-07-24,17:00
1072,13,3,2026-07-24,21:00
1073,14,4,2026-07-24,09:00
1074,14,4,2026-07-24,13:00
1075,14,4,2026-07-24,17:00
1076,14,4,2026-07-24,21:00
1077,15,5,2026-07-24,09:00
1078,15,5,2026-07-24,13:00
1079,15,5,2026-07-24,17:00
1080,15,5,2026-07-24,21:00
1081,1,1,2026-07-25,09:00
1082,1,1,2026-07-25,13:00
1083,1,1,2026-07-25,17:00
1084,1,1,2026-07-25,21:00
1085,2,2,2026-07-25,09:00
1086,2,2,2026-07-25,13:00
1087,2,2,2026-07-25,17:00
1088,2,2,2026-07-25,21:00
1089,3,3,2026-07-25,09:00
1090,3,3,2026-07-25,13:00
1091,3,3,2026-07-25,17:00
1092,3,3,2026-07-25,21:00
1093,4,4,2026-07-25,09:00
1094,4,4,2026-07-25,13:00
1095,4,4,2026-07-25,17:00
1096,4,4,2026-07-25,21:00
1097,5,5,2026-07-25,09:00
1098,5,5,2026-07-25,13:00
1099,5,5,2026-07-25,17:00
1100,5,5,2026-07-25,21:00
