dienvien,
id_dienvien,ten_dien_vien
1,"Kiều Minh Tuấn, Nina Nutthacha Padovan, Diệp Bảo Ngọc, Đoàn Minh Anh, NSƯT Hạnh Thuý,..."
2,"Jack Reynor, Laia Costa, May Calamawy"
3,"Liên Bỉnh Phát, Tam Triều Dâng, Kiều Oanh, Lê Hải, Mai Cát Vi và một số diễn viên khác"
4,"Sai Charoenpura, Saiparn Apinya, Gun Napat Injaieua,..."
5,"Yoo Hai-jin, Park Ji-hoon, Yoo Ji-tae, Jeon Mi-do"
6,null
7,"Đoàn Thiên Ân, Khương Lê, NSND Lê Khanh, Huỳnh Phương, Nguyên Thảo, NSND Kim Xuân, Thanh Sơn, Hứa Vĩ Văn, Lâm Vỹ Dạ, Hứa Minh Đạt"
8,"Chris Pratt, Anya Taylor-Joy, Charlie Day, Jack Black, Keegan-Michael Key, Benny Safdie, Kevin Michael Richardson và Brie Larson"
9,"Jon Hamm, Bobby Moynihan, Piper Curda"
10,null
11,"Đức Thịnh, Phương Nam, Mai Phương, Doãn Quốc Đam, Hoàng Tóc Dài,..."
12,"Miu Lê, Liên Bỉnh Phát, Hứa Vĩ Văn, Hồng Ánh, Đức Khuê, Quỳnh Lý, Quốc Khánh"
13,"Thái Hoà, Võ Tấn Phát, Đoàn Thế Vinh, Phương Thanh, Hồng Ánh, NSƯT Lê Thiện, Hoàng Minh Triết, Gia Tuệ..."
